<?xml version="1.0" encoding="UTF-8"?>
<application xmlns="http://java.sun.com/xml/ns/javaee"
	xmlns:xsi="http://www.w3.org/2001/XMLSchema-instance"
	xsi:schemaLocation="http://java.sun.com/xml/ns/javaee http://java.sun.com/xml/ns/javaee/application_5.xsd"
	version="5">

	<display-name>prueba2TG-ear</display-name>

	<!-- JBIDE-4166 Workaround - Make sure we deploy this first, since this is referenced in xxx-ejb.jar--> 
	<module>
		<ejb>jboss-seam.jar</ejb>
	</module>
	
	<module>
		<web>
			<web-uri>prueba2TG.war</web-uri>
			<context-root>/prueba2TG</context-root>
		</web>
	</module>

	<module>
		<ejb>prueba2TG-ejb.jar</ejb>
	</module>

</application>
