<?xml version="1.0" encoding="UTF-8"?>
<datasources xmlns="http://www.jboss.org/ironjacamar/schema">
    <datasource 
        jndi-name="java:/jboss/datasources/prueba2TGDS"
        enabled="true" 
        use-java-context="true" pool-name="seamdiscs">
        <connection-url>jdbc:mysql://localhost:3306/cootraci_recaudo</connection-url>
        <driver>com.mysql</driver>
        <security>
		      <user-name>root</user-name>
		      <password>cootraci_recaudo</password>
        </security>
    </datasource>
</datasources>
