<?xml version="1.0" encoding="UTF-8"?>
<datasources xmlns="http://www.jboss.org/ironjacamar/schema">
    <datasource 
        jndi-name="prueba2TGDatasource"
        enabled="true" 
        use-java-context="true" pool-name="prueba2TGDatasource_pool">
        <connection-url>jdbc:mysql://localhost:3306/prueba</connection-url>
        <driver>mysql-connector-java-5.1.6-bin.jar</driver>
        <security>
		      <user-name>root</user-name>
		      <password>cootraci_recaudo</password>
        </security>
    </datasource>
</datasources>
